r2_controls_only,r2_controls_plus_proxy,delta_r2,N
0.14831929544699363,0.1883896811903889,0.040070385743395276,320
