r2_controls_only,r2_controls_plus_proxy,delta_r2,N
0.14831929544699363,0.15163608814813057,0.003316792701136939,320
