{
  "milestone": "CGHSTC-34-M36",
  "status": "hybrid_halo_energy_bdvr_reset_diagnostic",
  "manuscript_rewritten": false,
  "accepted_model_change": false,
  "quarantined_object": "UGC07125",
  "request_typo_resolution": "UGC01725 interpreted as UGC07125",
  "ugc07125_quarantine_basis": "independent_HI_geometry_audit_not_numeric_deletion",
  "n_reference": 87,
  "n_clean_scalar": 86,
  "primary_readout": "hybrid_no_governor_preferred_for_clean_scalar_sample",
  "best_clean86_governor_params": {
    "f_star_c": 0.25,
    "log10_sigma_c": 7.8,
    "f_gas_c": 0.7,
    "RHI_Rd_c": 8.0,
    "k_star": 14.0,
    "k_sigma": 6.0,
    "k_gas": 12.0,
    "k_HI": 0.75
  },
  "best_clean86_governor_activation_mse": 0.2976215170897784,
  "best_clean86_governor_spearman": 0.09308243900621808,
  "metrics": [
    {
      "sample": "reference_87",
      "branch": "hybrid_no_governor",
      "n_galaxies": 87,
      "median_abs_log10_velocity_error": 0.041613899469354995,
      "mean_abs_log10_velocity_error": 0.04572143797277067,
      "max_abs_log10_velocity_error": 0.23214012979801618,
      "frac_within_010_dex": 0.9540229885057471,
      "n_within_010_dex": 83,
      "frac_within_015_dex": 0.9885057471264368,
      "n_within_015_dex": 86,
      "frac_within_020_dex": 0.9885057471264368,
      "n_within_020_dex": 86,
      "median_velocity_ratio_pred_over_obs": 1.0215021046046753,
      "worst_galaxy": "UGC07125",
      "worst_abs_log10_velocity_error": 0.23214012979801618
    },
    {
      "sample": "reference_87",
      "branch": "hybrid_with_governor",
      "n_galaxies": 87,
      "median_abs_log10_velocity_error": 0.10191729644432575,
      "mean_abs_log10_velocity_error": 0.13648553224444004,
      "max_abs_log10_velocity_error": 0.4197536259596497,
      "frac_within_010_dex": 0.4942528735632184,
      "n_within_010_dex": 43,
      "frac_within_015_dex": 0.632183908045977,
      "n_within_015_dex": 55,
      "frac_within_020_dex": 0.6896551724137931,
      "n_within_020_dex": 60,
      "median_velocity_ratio_pred_over_obs": 0.7951843345064479,
      "worst_galaxy": "UGC06667",
      "worst_abs_log10_velocity_error": 0.4197536259596497
    },
    {
      "sample": "clean_86_quarantine_UGC07125",
      "branch": "hybrid_no_governor",
      "n_galaxies": 86,
      "median_abs_log10_velocity_error": 0.041029854303494914,
      "mean_abs_log10_velocity_error": 0.04355377876550038,
      "max_abs_log10_velocity_error": 0.14457800847229507,
      "frac_within_010_dex": 0.9651162790697675,
      "n_within_010_dex": 83,
      "frac_within_015_dex": 1.0,
      "n_within_015_dex": 86,
      "frac_within_020_dex": 1.0,
      "n_within_020_dex": 86,
      "median_velocity_ratio_pred_over_obs": 1.01676791969351,
      "worst_galaxy": "UGC07399",
      "worst_abs_log10_velocity_error": 0.14457800847229507
    },
    {
      "sample": "clean_86_quarantine_UGC07125",
      "branch": "hybrid_with_governor",
      "n_galaxies": 86,
      "median_abs_log10_velocity_error": 0.10217889097337263,
      "mean_abs_log10_velocity_error": 0.13691860160272887,
      "max_abs_log10_velocity_error": 0.4197536259596497,
      "frac_within_010_dex": 0.4883720930232558,
      "n_within_010_dex": 42,
      "frac_within_015_dex": 0.627906976744186,
      "n_within_015_dex": 54,
      "frac_within_020_dex": 0.686046511627907,
      "n_within_020_dex": 59,
      "median_velocity_ratio_pred_over_obs": 0.7925307095150302,
      "worst_galaxy": "UGC06667",
      "worst_abs_log10_velocity_error": 0.4197536259596497
    }
  ],
  "artifacts": {
    "predictions": "/home/jenholm/photonland/cghs/cghstc_34/runs/cghstc_34_m36_hybrid_halo_energy_reset/m36_hybrid_predictions.csv",
    "metric_comparison": "/home/jenholm/photonland/cghs/cghstc_34/runs/cghstc_34_m36_hybrid_halo_energy_reset/m36_metric_comparison.csv",
    "governor_fit_summary": "/home/jenholm/photonland/cghs/cghstc_34/runs/cghstc_34_m36_hybrid_halo_energy_reset/m36_governor_fit_summary.csv",
    "readme": "/home/jenholm/photonland/cghs/cghstc_34/runs/cghstc_34_m36_hybrid_halo_energy_reset/M36_README.md"
  }
}