galaxy_name,dataset,A_inferred,A_pred,A_class,f_star,f_gas,log10_Sigma_b,RHI_Rd,alpha_BTFR,BTFR_offset_dex,v_obs,v_newton,v_bdvr_full,analog_score,analog_tier,data_completeness,missing_fields,notes
DDO161,SPARC,0.0,0.0127506326762463,low,0.1300587637772103,0.8699412362227897,8.352711411437879,8.762295081967213,0.7588720887275076,-0.0599157101031501,66.3,70.36667605242577,103.65263235302744,0.8714574332674108,strong direct analog,1.0,,passes direct low-activation gas-rich UGC07125 analog rule
UGC07125,SPARC,0.0,0.0569755726395712,low,0.1804974862131068,0.8195025137868931,8.019775262749231,6.816568047337278,0.3886403773950502,-0.2052260404052944,65.2,79.83207120362623,131.5727751579399,0.8225295261500776,strong direct analog,1.0,,passes direct low-activation gas-rich UGC07125 analog rule
