{
  "A_HI": 0.6645042427355229,
  "A_class": "low",
  "A_gas": 0.3644688285491543,
  "A_inferred": 0.0,
  "A_pred": 0.0569755726395712,
  "A_sigma": 0.7066359021456152,
  "A_star": 0.3329161401879883,
  "BTFR_offset": -0.2052260404052944,
  "RHI_Rd": 6.816568047337278,
  "alpha_BTFR": 0.3886403773950502,
  "dataset": "SPARC",
  "f_gas": 0.8195025137868931,
  "f_star": 0.1804974862131068,
  "galaxy_name": "UGC07125",
  "log10_Sigma_b": 8.019775262749231,
  "notes": "Locked M17 prototype vector for direct and proxy analog searches; UGC07125 is a SPARC low-activation, gas-rich, extended-H I prototype.",
  "v_bdvr_full": 131.5727751579399,
  "v_newton": 79.83207120362623,
  "v_obs": 65.2
}