galaxy_name,v_flat_obs_km_s,v_m5_bdvr_km_s,velocity_ratio_pred_over_obs,log10_velocity_error,abs_log10_velocity_error,M_baryon_Msun,M_star_Msun,M_gas_Msun,star_frac,gas_frac,stellar_to_gas_ratio,T,Rdisk,r_over_Rdisk_eval,H_halo,S_star_gas,S_internal,S_struct,Q_eff,RHI,Reff,SBeff,SBdisk,log10_SBeff,log10_SBdisk,log10_M_baryon_Msun
UGC07125,65.2,111.27246923349932,1.7066329637039772,0.2321401297980161,0.2321401297980161,7512569999.999999,1356000000.0,6156569999.999999,0.1804974862131068,0.8195025137868931,0.2202525107324371,9.0,3.38,3.9881656804733727,1.2573763420608173,1.0,1.0,1.0,1.13195243693273,23.04,3.92,28.11,103.0,1.4488608456074408,2.012837224705172,9.875788531662657
UGC07399,103.0,73.83447925988595,0.7168396044649121,-0.144578008472295,0.144578008472295,1568850000.0,578000000.0,990850000.0,0.3684227300251776,0.6315772699748223,0.5833375384770652,8.0,1.64,2.780487804878049,1.2114676480840527,1.0,1.0,1.0,1.0906231576349938,7.85,1.27,113.98,135.78,2.056828652637812,2.1328358043383724,9.19558142205319
NGC5371,209.5,268.0821211003315,1.2796282630087423,0.1070838237324706,0.1070838237324706,185065900000.0,170196500000.0,14869400000.0,0.919653485596212,0.080346514403788,11.446090629077164,4.0,7.44,2.676747311827957,1.206593385898856,1.1079061527859402,1.1,1.2186967680645342,1.3237912124150844,30.03,9.8,560.83,1395.82,2.7488312369236176,3.144829416820822,11.267326403592811
F571-8,139.7,110.55042691224978,0.7913416385987816,-0.1016359820825215,0.1016359820825215,7452060000.0,5082000000.0,2370060000.0,0.6819590824550527,0.3180409175449473,2.1442495126705654,5.0,3.56,3.6446629213483135,1.2461398259701846,1.0,1.0,1.0,1.1218367688181392,24.55,1.4,825.71,87.26,2.916827544276814,1.9408152086508013,9.872276342945087
