validation_scheme,n_rows,organization_auc_like,spearman_vs_organization_score,organization_score_rmse
full_fit,85,0.949546485260771,0.919562243502052,0.06393266081353502
leave_one_out,85,0.9455782312925171,0.914500683994528,0.0688700638252861
kfold_5,85,0.9455782312925171,0.9172952902091068,0.07398908397278539
