{
  "status": "completed_jlambda_permutation_null",
  "sample_size": 87,
  "n_permutations": 250,
  "real_with_J_metrics": {
    "mse_bounded": 0.010146972412430264,
    "rmse_bounded": 0.10073218161258231,
    "spearman_A_rank_A_inferred": 0.9623329404668559,
    "pearson_A_rank_A_inferred": 0.9121816855404905,
    "spearman_A_bounded_A_inferred": 0.9598852980023099,
    "pearson_A_bounded_A_inferred": 0.9616902053787272,
    "prediction_min": -1.5444300744012185,
    "prediction_max": 1.8605114705950299,
    "prediction_std": 0.5222120592364045,
    "bounded_prediction_std": 0.35592577550181453,
    "n": 87
  },
  "matched_no_J_metrics": {
    "mse_bounded": 0.10969257055318042,
    "rmse_bounded": 0.3311986874267174,
    "spearman_A_rank_A_inferred": 0.41565905570995576,
    "pearson_A_rank_A_inferred": 0.3845305251879467,
    "spearman_A_bounded_A_inferred": 0.41588384228217784,
    "pearson_A_bounded_A_inferred": 0.40809329602606886,
    "prediction_min": -0.26067553872647076,
    "prediction_max": 1.0450587165597014,
    "prediction_std": 0.3027559632137716,
    "bounded_prediction_std": 0.27673728695989475,
    "n": 87
  },
  "permutation_distribution": {
    "n": 250,
    "rho_median": 0.39113712441647996,
    "rho_mean": 0.39184666334993923,
    "rho_p05": 0.33298355143981945,
    "rho_p95": 0.4531679368832905,
    "rmse_median": 0.3411866394108768,
    "rmse_mean": 0.34153088059018705,
    "rmse_p95": 0.3589151306712117
  },
  "empirical_p_value_rho_perm_ge_real": 0.00398406374501992,
  "real_delta_rho_vs_no_J": 0.5466738847569002,
  "permutation_delta_rho_p95": 0.037508881173334715,
  "pass_fail": {
    "p_value_le_0p01": true,
    "real_delta_exceeds_perm_p95": true,
    "permuted_median_below_0p60": true
  },
  "claim_boundary": "Permutation null tests the artifact-backed J_lambda contribution only; it does not solve the Vflat leakage/proxy-origin issue."
}