{
  "status": "corrected_activation_rank_reparameterization_diagnostic",
  "sample_size": 87,
  "target_distribution": {
    "n_zero": 12,
    "n_one": 6,
    "n_between": 69
  },
  "baseline_m9": {
    "spearman_A_pred_A_inferred": 0.14588130693197304,
    "mse": 0.1833278637505982,
    "source": "runs/cghstc_34_apj_governor_model/m9_summary.json",
    "v_full_normalization": [
      "vN2_plus_sqrt_GMbar_a0_Qeff1"
    ]
  },
  "selected_model": {
    "spec": {
      "model_family": "censored_latent_corrected",
      "feature_template": "full_corrected_state",
      "uses_angular_momentum": true,
      "uses_m59_backbone": false,
      "endpoint_delta": 0.15,
      "endpoint_stretch": 0.5,
      "ridge_alpha": 0.01
    },
    "fit_info": {
      "columns": [
        "D_maturity",
        "R_reservoir",
        "DR_interaction",
        "f_star",
        "f_gas",
        "log10_Sigma_b",
        "RHI_over_Rdisk_filled",
        "omega_dyn",
        "T",
        "A_pred",
        "J_lambda_z",
        "DJ_interaction",
        "RJ_interaction"
      ],
      "normalization": {
        "mean": {
          "D_maturity": 0.5023527011838336,
          "R_reservoir": 0.48531086028999293,
          "DR_interaction": 0.3008581935814055,
          "f_star": 0.5870966141865759,
          "f_gas": 0.4129033858134242,
          "log10_Sigma_b": 8.466226046620827,
          "RHI_over_Rdisk_filled": 6.887305670481756,
          "omega_dyn": 1.5993778807365742,
          "T": 5.827586206896552,
          "A_pred": 0.3977620447150937,
          "J_lambda_z": 5.962025254079001e-15,
          "DJ_interaction": -0.17960841651743706,
          "RJ_interaction": -0.00048553536616316353
        },
        "std": {
          "D_maturity": 0.28452436228566547,
          "R_reservoir": 0.2270666597769153,
          "DR_interaction": 0.2453058918819091,
          "f_star": 0.2729736656776375,
          "f_gas": 0.2729736656776375,
          "log10_Sigma_b": 0.48451698951917294,
          "RHI_over_Rdisk_filled": 3.438403385511758,
          "omega_dyn": 0.24791386774061483,
          "T": 2.573994152623658,
          "A_pred": 0.3231587114216112,
          "J_lambda_z": 0.9999999999999999,
          "DJ_interaction": 0.5092055698837659,
          "RJ_interaction": 0.5156205525504093
        }
      },
      "coef": [
        0.3998632413989527,
        -0.4014025005539618,
        -0.07802927168006227,
        0.17712782555608303,
        0.016153976888817353,
        -0.016153976886961633,
        0.7552890374978959,
        -0.13466890683629418,
        0.006394879284608029,
        -0.02023277160544262,
        -0.14408583569004962,
        0.795750788938496,
        0.011686361143227736,
        -0.08125399139477045
      ]
    },
    "full_fit_metrics": {
      "mse_bounded": 0.003766926737755285,
      "rmse_bounded": 0.061375294196893956,
      "spearman_A_rank_A_inferred": 0.9812879279237035,
      "pearson_A_rank_A_inferred": 0.9537397005852388,
      "spearman_A_bounded_A_inferred": 0.9816470795706628,
      "pearson_A_bounded_A_inferred": 0.9819581586949833,
      "prediction_min": -0.6687681506731681,
      "prediction_max": 1.3721460948931203,
      "prediction_std": 0.38551258027696933,
      "bounded_prediction_std": 0.31991237531073247,
      "pairwise_rank_loss": 0.518053501846996
    },
    "cross_validated_metrics": {
      "mse_bounded": 0.0065677527899758595,
      "rmse_bounded": 0.0810416731686597,
      "spearman_A_rank_A_inferred": 0.967589595630623,
      "pearson_A_rank_A_inferred": 0.9299573959702448,
      "spearman_A_bounded_A_inferred": 0.9665476118731081,
      "pearson_A_bounded_A_inferred": 0.9684574794298159,
      "prediction_min": -0.795879505876854,
      "prediction_max": 1.3350807802919786,
      "prediction_std": 0.3759004029270554,
      "bounded_prediction_std": 0.3087946526410124,
      "pairwise_rank_loss": 0.5195075796155761
    },
    "fold_metrics_file": "m70_fold_metrics.csv"
  },
  "parameter_policy": {
    "trained_on_A_inferred": true,
    "trained_on_endpoint_residuals": false,
    "independent_direct_validation": false,
    "per_galaxy_tuning": false,
    "selection": "deterministic_grid_with_five_fold_out_of_fold_check",
    "mature_velocity_law_changed": false,
    "manuscript_rewritten": false,
    "governor_promoted": false,
    "proxy_rows_promoted_to_direct_validation": false
  },
  "UGC07125": {
    "A_inferred": 0.0,
    "A_rank_m70": -0.6687681506731681,
    "A_bounded_m70": 0.0,
    "ugc07125_clean_scalar_object": false,
    "status": "quarantined_follow_up_not_clean_scalar_or_juvenile_prototype"
  },
  "claim_boundaries": [
    "M70 is diagnostic reparameterization only, not an accepted governor law.",
    "The selected model is trained on corrected A_inferred, so the Spearman gain is not independent validation.",
    "M59 backbone context is optional proxy/context information and is not promoted to Tier A direct validation.",
    "M36 mature velocity law is unchanged and the manuscript is not rewritten.",
    "UGC07125 remains a quarantined follow-up/audit target, not a clean scalar object or juvenile prototype."
  ]
}