taxonomy_stage,n,median_A_inferred,median_A_pred_M37,rmse_A,spearman_A,median_hybrid_velocity_abs_error
disturbed_or_measurement_contaminated,3,0.6433123110527825,0.7488772601347756,0.19060508947272428,1.0,0.0688587219551644
failed_stalled,5,0.5876019195241267,0.25495078361845136,0.3824788807176652,0.3,0.086732754937078
juvenile_forming,24,1.0,0.3785074292317147,0.5992407067349055,-0.13269099076359303,0.03435225461539585
mature_or_control,46,1.0,0.9245403170876312,0.16914819723332258,0.04397750629030859,0.0316077460430163
true_falsifier_candidate,9,0.6044754277243196,0.8396457371851015,0.3770802195900188,-0.5,0.0617213353931001
