{
  "milestone": "CGHSTC-34-M75",
  "status": "xgass_external_crosscheck",
  "btfr_slope": 0.278869911541488,
  "btfr_intercept": -0.6893363244758293,
  "n_xgass_cleaned": 363,
  "n_xgass_with_coherence": 363,
  "btfr_scatter_all": 0.12727919430738768,
  "btfr_mean_all": 1.8411963108108658e-16,
  "spearman_coherence_vs_abs_btfr": 0.10454588104010505,
  "spearman_pvalue": 0.046540929687239475,
  "quartile_scatter": {
    "Q1_low": {
      "n": 91,
      "scatter_std": 0.12006067309683695,
      "abs_mean": 0.02535360893878226
    },
    "Q2": {
      "n": 91,
      "scatter_std": 0.15778297766188012,
      "abs_mean": 0.022579343999138975
    },
    "Q3": {
      "n": 90,
      "scatter_std": 0.09929008193113961,
      "abs_mean": 0.00883366539211656
    },
    "Q4_high": {
      "n": 91,
      "scatter_std": 0.10775140666449462,
      "abs_mean": 0.05666954508397131
    }
  },
  "sparc_vs_xgass_consistent": true,
  "manuscript_rewritten": false,
  "mature_velocity_law_changed": false,
  "governor_promoted": false,
  "ugc07125_quarantined": true,
  "xgass_scatter_ratio_Q4_over_Q1": 0.8974746175009857,
  "sparc_scatter_ratio_Q4_over_Q1": 0.6506373440385051
}
