model,n,median_abs_log10_velocity_error,mean_abs_log10_velocity_error,max_abs_log10_velocity_error,median_log10_velocity_error,mean_log10_velocity_error,median_velocity_ratio_pred_over_obs,frac_within_010_dex,frac_within_015_dex,frac_within_020_dex,n_within_010_dex,n_within_015_dex,n_within_020_dex,n_above_010_dex,n_above_015_dex,n_above_020_dex,n_above_030_dex
newtonian_outer,87,0.24974425489562102,0.24485593756925408,0.4488248070936664,-0.24974425489562102,-0.24338114320498477,0.5626725713839824,0.06896551724137931,0.20689655172413793,0.3448275862068966,6,18,30,81,69,57,31
mond_simple_btfr,87,0.04722578735703139,0.05611339857637645,0.2052260404052944,-0.03950528808706702,-0.03694930485410431,0.913050317677887,0.8390804597701149,0.9655172413793104,0.9885057471264368,73,84,86,14,3,1,0
m3_scalar_q_only,87,0.06413110413199052,0.06925464562432602,0.2113536326710781,-0.06232384104487682,-0.05976785781191409,0.8663156479085586,0.7586206896551724,0.896551724137931,0.9885057471264368,66,78,86,21,9,1,0
m4a_halo_only,87,0.041613899469354995,0.05037100923266278,0.23214012979801618,-0.016528389566243543,-0.011831887261077508,0.96265708260826,0.896551724137931,0.9770114942528736,0.9885057471264368,78,85,86,9,2,1,0
m4b_halo_star_gas,87,0.04044580913763483,0.046439185144479624,0.23214012979801618,-0.006183480835373096,-0.006839692937082956,0.9858628900488806,0.9310344827586207,0.9885057471264368,0.9885057471264368,81,86,86,6,1,1,0
m4c_full_frozen,87,0.041613899469354995,0.04572143797277067,0.23214012979801618,0.00923926574796271,0.006454327518614378,1.0215021046046753,0.9540229885057471,0.9885057471264368,0.9885057471264368,83,86,86,4,1,1,0
