{
  "milestone": "CGHSTC-34-M79",
  "status": "cross_survey_expansion",
  "n_galaxies_total": 450,
  "n_surveys": 2,
  "surveys": [
    "SPARC",
    "xGASS"
  ],
  "survey_summary": {
    "SPARC": {
      "n_total": 87,
      "n_with_coherence": 87,
      "btfr_scatter_all": 0.06197362225418285,
      "btfr_mean_all": 0.0369493048541043,
      "Q1_scatter": 0.0752713364616819,
      "Q4_scatter": 0.04897434243765741,
      "ratio_Q4_Q1": 0.6506373440385053
    },
    "xGASS": {
      "n_total": 363,
      "n_with_coherence": 363,
      "btfr_scatter_all": 0.12727919430738768,
      "btfr_mean_all": 1.7739100668941894e-16,
      "Q1_scatter": 0.1796610827186502,
      "Q4_scatter": 0.06850490796063585,
      "ratio_Q4_Q1": 0.3813007632148958
    }
  },
  "manuscript_rewritten": false,
  "mature_velocity_law_changed": false,
  "governor_promoted": false,
  "ugc07125_quarantined": true
}
