{
  "milestone": "CGHSTC-34-M5d",
  "status": "participating_baryonic_mass_diagnostic_no_retuning",
  "n_total": 87,
  "target": {
    "galaxy_name": "UGC07125",
    "v_flat_obs_km_s": 65.2,
    "v_m5_bdvr_km_s": 111.27246923349932,
    "log10_velocity_error": 0.2321401297980161,
    "M_baryon_Msun": 7512569999.999999,
    "M_star_Msun": 1356000000.0,
    "M_gas_Msun": 6156569999.999999,
    "M_part_required_Msun": 885580433.570339,
    "participation_fraction_required": 0.11787982455675476,
    "gas_participation_required": -0.0764093588523579,
    "gas_participation_required_status": "stellar_mass_alone_exceeds_required_participating_mass",
    "gas_frac": 0.8195025137868931,
    "stellar_to_gas_ratio": 0.2202525107324371,
    "RHI_over_Rdisk": 6.816568047337278,
    "T": 9.0
  },
  "hard_analog_count": 8,
  "hard_analog_names": [
    "UGC07125",
    "DDO161",
    "UGC12632",
    "UGC00731",
    "DDO064",
    "F583-1",
    "NGC3741",
    "F563-1"
  ],
  "all_sample_participation_fraction_stats": {
    "n": 87,
    "min": 0.11787982455675476,
    "median": 0.9184233929478564,
    "mean": 1.0743106846585404,
    "max": 3.7871458758251606
  },
  "all_sample_gas_participation_required_stats": {
    "n": 87,
    "min": -6.804170493336371,
    "median": 0.8618385900147955,
    "mean": 1.8604139537339315,
    "max": 41.32800170543701
  },
  "hard_analog_participation_fraction_stats": {
    "n": 8,
    "min": 0.11787982455675476,
    "median": 0.6144537572714661,
    "mean": 0.6813957464712994,
    "max": 1.3727425098900066
  },
  "hard_analog_gas_participation_required_stats": {
    "n": 8,
    "min": -0.0764093588523579,
    "median": 0.5499182980268662,
    "mean": 0.6173768199511891,
    "max": 1.4560753337058763
  },
  "n_partial_gas_participation_can_match": 28,
  "n_stellar_mass_alone_exceeds_required": 18,
  "n_more_than_total_gas_required": 41,
  "claim_boundary": "M5d is a diagnostic inversion of the frozen BDVR relation. It does not retune M4c and does not introduce a new accepted model."
}