{
  "galaxy_name": "UGC07125",
  "Q": 1.0,
  "T": 9.0,
  "Vflat": 65.2,
  "e_Vflat": 2.1,
  "L36": 2.712,
  "MHI": 4.629,
  "Rdisk": 3.38,
  "RHI": 23.04,
  "Reff": 3.92,
  "SBeff": 28.11,
  "SBdisk": 103.0,
  "D": 19.8,
  "Inc": 90.0,
  "Ref": "Sw09,Sw02",
  "_Vflat": 65.2,
  "_L36": 2.712,
  "_MHI": 4.629,
  "_Rdisk": 3.38,
  "_T": 9.0,
  "M_star_Msun": 1356000000.0,
  "M_gas_Msun": 6156569999.999999,
  "M_baryon_Msun": 7512569999.999999,
  "star_frac": 0.1804974862131068,
  "gas_frac": 0.8195025137868931,
  "r_over_Rdisk_eval": 3.9881656804733727,
  "H_halo": 1.2573763420608173,
  "S_star_gas": 1.0,
  "S_internal": 1.0,
  "S_struct": 1.0,
  "Q_eff": 1.13195243693273,
  "v_m5_bdvr_km_s": 111.27246923349932,
  "v_flat_obs_km_s": 65.2,
  "velocity_ratio_pred_over_obs": 1.7066329637039772,
  "log10_velocity_error": 0.2321401297980161,
  "abs_log10_velocity_error": 0.2321401297980161,
  "log10_SBeff": 1.4488608456074408,
  "log10_SBdisk": 2.012837224705172,
  "stellar_to_gas_ratio": 0.2202525107324371,
  "log10_M_baryon_Msun": 9.875788531662657,
  "RHI_over_Rdisk": 6.816568047337278,
  "Reff_over_Rdisk": 1.1597633136094674,
  "log10_M_star_Msun": 9.132259689531045,
  "log10_M_gas_Msun": 9.789338821749897,
  "ugc07125_hard_analog": true,
  "ugc07125_regime_score": 5.5,
  "ugc07125_analog_distance": 0.0,
  "sample_btfr_log10_v_residual": -0.2398468595349969,
  "M_part_required_Msun": 885580433.570339,
  "participation_fraction_required": 0.11787982455675476,
  "missing_or_excess_mass_fraction": -0.8821201754432452,
  "gas_participation_required": -0.0764093588523579,
  "gas_participation_required_clipped_0_1": 0.0,
  "gas_participation_required_status": "stellar_mass_alone_exceeds_required_participating_mass",
  "log10_participation_fraction_required": -0.928560519192065,
  "bdvr_overpredicts_with_total_mass": true,
  "bdvr_underpredicts_with_total_mass": false
}