{
  "ablation": {
    "full": {
      "spearman_rho": -0.21313245246535611,
      "spearman_p": 0.00012206372167265573,
      "N": 320,
      "Q1_scatter": 0.13398308315982824,
      "Q4_scatter": 0.0550202781457659,
      "ratio": 0.4106509332982902,
      "ratio_ci_95": [
        0.2555849915407811,
        0.6299457605273883
      ],
      "N_Q1": 80,
      "N_Q4": 80
    },
    "incl_fatm_no_w50": {
      "spearman_rho": -0.14150455570855183,
      "spearman_p": 0.011271445834529145,
      "N": 320,
      "Q1_scatter": 0.09479996615035094,
      "Q4_scatter": 0.0595636286210192,
      "ratio": 0.6283085431333638,
      "ratio_ci_95": [
        0.2844441358216804,
        1.041751153160581
      ],
      "N_Q1": 80,
      "N_Q4": 80
    },
    "w50_fatm_no_incl": {
      "spearman_rho": -0.046955292532153636,
      "spearman_p": 0.40251576695703634,
      "N": 320,
      "Q1_scatter": 0.13289224933546284,
      "Q4_scatter": 0.06106831914282,
      "ratio": 0.45953258710117767,
      "ratio_ci_95": [
        0.31163021326441287,
        0.7612199279277354
      ],
      "N_Q1": 80,
      "N_Q4": 80
    },
    "incl_only": {
      "spearman_rho": -0.3517971966691154,
      "spearman_p": 5.150509134441335e-12,
      "N": 363,
      "Q1_scatter": 0.12622961441377553,
      "Q4_scatter": 0.05790807572642803,
      "ratio": 0.45875190220107714,
      "ratio_ci_95": [
        0.21340970888609462,
        0.8068133967427706
      ],
      "N_Q1": 90,
      "N_Q4": 90
    },
    "w50_only": {
      "spearman_rho": -0.23741922779312885,
      "spearman_p": 4.798759785959446e-06,
      "N": 363,
      "Q1_scatter": 0.14340163022598992,
      "Q4_scatter": 0.06895620424103951,
      "ratio": 0.4808606717536603,
      "ratio_ci_95": [
        0.3046358015521725,
        0.6612772168425082
      ],
      "N_Q1": 90,
      "N_Q4": 90
    },
    "gas_only": {
      "spearman_rho": 0.2250996103477573,
      "spearman_p": 4.840185159610502e-05,
      "N": 320,
      "Q1_scatter": 0.08134396882021269,
      "Q4_scatter": 0.12509848556222655,
      "ratio": 1.5378950323744414,
      "ratio_ci_95": [
        0.9228657958656536,
        3.075706886452985
      ],
      "N_Q1": 80,
      "N_Q4": 80
    },
    "no_raw_w50": {
      "spearman_rho": -0.14150455570855183,
      "spearman_p": 0.011271445834529145,
      "N": 320,
      "Q1_scatter": 0.09479996615035094,
      "Q4_scatter": 0.0595636286210192,
      "ratio": 0.6283085431333638,
      "ratio_ci_95": [
        0.2844441358216804,
        1.041751153160581
      ],
      "N_Q1": 80,
      "N_Q4": 80
    },
    "no_incl": {
      "spearman_rho": -0.046955292532153636,
      "spearman_p": 0.40251576695703634,
      "N": 320,
      "Q1_scatter": 0.13289224933546284,
      "Q4_scatter": 0.06106831914282,
      "ratio": 0.45953258710117767,
      "ratio_ci_95": [
        0.31163021326441287,
        0.7612199279277354
      ],
      "N_Q1": 80,
      "N_Q4": 80
    },
    "no_gas": {
      "spearman_rho": -0.35331393869816774,
      "spearman_p": 4.114546253993211e-12,
      "N": 363,
      "Q1_scatter": 0.1381440267037074,
      "Q4_scatter": 0.04010118718827459,
      "ratio": 0.29028535033428543,
      "ratio_ci_95": [
        0.20029409607230048,
        0.459885422075042
      ],
      "N_Q1": 90,
      "N_Q4": 90
    },
    "quality_only": {
      "spearman_rho": NaN,
      "spearman_p": NaN,
      "N": 363,
      "Q1_scatter": 0.09427305015507903,
      "Q4_scatter": 0.10481007281685055,
      "ratio": 1.1117713136939786,
      "ratio_ci_95": [
        0.6084806816476138,
        1.581945127405034
      ],
      "N_Q1": 90,
      "N_Q4": 90
    }
  },
  "inclination_restricted": {
    "all": {
      "spearman_rho": NaN,
      "spearman_p": NaN,
      "spearman_incl_vs_abs_btfr": -0.3517971966691154,
      "spearman_incl_p": 5.150509134441335e-12,
      "N": 363,
      "Q1_scatter": 0.1308764285529741,
      "Q4_scatter": 0.09420499105988549,
      "ratio": 0.7198010528057364,
      "ratio_ci_95": [
        0.46725345697838655,
        1.1577047958661102
      ],
      "N_Q1": 90,
      "N_Q4": 90
    },
    "mid_45_75": {
      "spearman_rho": NaN,
      "spearman_p": NaN,
      "spearman_incl_vs_abs_btfr": -0.2311724568714061,
      "spearman_incl_p": 0.0003962580752043191,
      "N": 231,
      "Q1_scatter": 0.11434749819424661,
      "Q4_scatter": 0.06417305125822766,
      "ratio": 0.5612108027865582,
      "ratio_ci_95": [
        0.33115734053867607,
        0.8867382513426936
      ],
      "N_Q1": 57,
      "N_Q4": 57
    },
    "mid_50_80": {
      "spearman_rho": NaN,
      "spearman_p": NaN,
      "spearman_incl_vs_abs_btfr": -0.18301102677926293,
      "spearman_incl_p": 0.006014816739729516,
      "N": 224,
      "Q1_scatter": 0.12431642766554203,
      "Q4_scatter": 0.06531075926652645,
      "ratio": 0.5253590413829857,
      "ratio_ci_95": [
        0.332807442378484,
        0.8712088754531488
      ],
      "N_Q1": 56,
      "N_Q4": 56
    }
  },
  "mass_controls": {
    "spearman_raw_C_vs_abs": -0.21313245246535611,
    "spearman_mass_residualized_C_vs_abs": -0.13975112061641226,
    "spearman_mass_residualized_p": 0.012333598020447496,
    "mass_matched_low_coherence_scatter": 0.11042389155791459,
    "mass_matched_high_coherence_scatter": 0.05082307357115747,
    "mass_matched_ratio": 0.4602543240789701,
    "regression_C_coeff_in_model_with_mass_mass2": -0.24822419764634104,
    "interaction_coeff_C_x_mass": 0.117232418530232,
    "N_matched_low": 143,
    "N_matched_high": 145,
    "interaction_coeff_SE": 0.085
  },
  "quality_controls": {
    "r2_null_controls_only": 0.15009371851344488,
    "r2_full_controls_plus_C": 0.1522266267415867,
    "delta_r2": 0.0021329082281418277,
    "null_coefficients": [
      0.6092468487800673,
      -0.03229800659874706,
      -0.002795441472469226,
      -0.055826625735818876,
      0.0
    ],
    "full_coefficients": [
      0.6713316234875166,
      -0.04246725985403352,
      -0.0030027314574813876,
      -0.042863033375565934,
      0.0,
      0.07991060917158102
    ],
    "control_variables": [
      "lg_mbar",
      "incl",
      "b/a",
      "HI_conf_flag"
    ],
    "N": 320
  },
  "null_models": {
    "inclination_only": {
      "spearman_rho": -0.3517971966691154,
      "spearman_p": 5.150509134441335e-12,
      "N": 363
    },
    "baryonic_mass": {
      "spearman_rho": -0.15601141124425044,
      "spearman_p": 0.005157278082968072,
      "N": 320
    },
    "stellar_mass": {
      "spearman_rho": -0.0875460834552495,
      "spearman_p": 0.09582838430789292,
      "N": 363
    },
    "gas_fraction": {
      "spearman_rho": -0.2250996103477573,
      "spearman_p": 4.840185159610502e-05,
      "N": 320
    },
    "w50_only": {
      "spearman_rho": -0.23741922779312885,
      "spearman_p": 4.798759785959446e-06,
      "N": 363
    },
    "combined_controls": {
      "r2_controls_only": 0.147108318669265,
      "r2_controls_plus_C": 0.15059024143718602,
      "delta_r2": 0.0034819227679210307,
      "N": 320
    }
  },
  "cv_btfr": {
    "cv_btfr_slope": 0.29936012465818373,
    "cv_btfr_intercept": -0.8964807168972878,
    "cv_held_out_Q4_Q1_ratio": 0.36452502506262346,
    "cv_held_out_ratio_ci_95": [
      0.23102354135812395,
      0.5720618388078594
    ],
    "cv_held_out_spearman_rho": -0.2846537807986406,
    "cv_held_out_spearman_p": 2.2228996718306163e-07,
    "cv_held_out_N": 320,
    "cv_folds": 5,
    "cv_Q1_scatter": 0.13524010326228772,
    "cv_Q4_scatter": 0.049298402031157214,
    "cv_ratio": 0.36452502506262346,
    "cv_ratio_ci_95": [
      0.23102354135812395,
      0.5720618388078594
    ],
    "cv_N_Q1": 80,
    "cv_N_Q4": 80
  },
  "full_coherence_bootstrapped": {
    "spearman_rho": -0.21313245246535611,
    "spearman_p": 0.00012206372167265573,
    "N": 320,
    "Q1_scatter": 0.13398308315982824,
    "Q4_scatter": 0.0550202781457659,
    "ratio": 0.4106509332982902,