parameter,spearman_rho,spearman_p,n
lgMstar,-0.0875460834552495,0.09582838430789292,363
SFR,-0.30148609849705565,3.786023276420219e-08,320
CINDX,0.1188345275504133,0.023554319040483093,363
b_a,0.2988050420414262,5.0578510038889653e-08,320
INCL,-0.3517971966691154,5.150509134441335e-12,363
NUVr,0.1314056619362894,0.012215601997375595,363
