subset,coherence_quartile,n,scatter_std
V_rot_HI,Q1_low,78,0.1744209918817359
V_rot_HI,Q2,75,0.1292890282649301
V_rot_HI,Q3,80,0.0735094994638259
V_rot_HI,Q4_high,87,0.06968921443967435
V_rot_HI_spearman,overall,320,-0.21313245246535611
W50_only,Q1_low,13,0.1961849670456829
W50_only,Q2,16,0.1718929544783217
W50_only,Q3,10,0.08326986426379213
W50_only,Q4_high,4,0.0350919468140896
W50_only_spearman,overall,43,-0.380096647538508
