group,n,mean_mature_settling_drive,median_mature_settling_drive,mean_reservoir_disorder_suppression,median_reservoir_disorder_suppression,mean_measurement_uncertainty_penalty,median_measurement_uncertainty_penalty,mean_A_activation_physics_only,median_A_activation_physics_only,mean_A_activation_pred,median_A_activation_pred
clean_juvenile_failed_candidates,15,0.4999131645037266,0.4946103708885543,0.3989708650104868,0.3879264092063534,0.0,0.0,0.5966171910525764,0.6541492027584088,0.5966171910525764,0.6541492027584088
external_proxy_rows,78,0.392948717948718,0.36250000000000004,0.6179607926306611,0.6553119730457372,0.0,0.0,0.2962146688274891,0.23662952975057322,0.2962146688274891,0.23662952975057322
mature_controls,46,0.6754887588167002,0.6854374829905376,0.1954705736715062,0.17510426368746335,0.06956521739130435,0.0,0.8589477454217926,0.8901029013327182,0.838631127390247,0.8654405233381057
measurement_contaminated_candidates,26,0.5125089860997128,0.47234047138149726,0.3849825608236338,0.3574379361942344,0.3736263736263737,0.3571428571428571,0.605867311585711,0.5927426395044236,0.5329836058549853,0.5117556027690695
