{
  "claim_boundary_aps": "For APS-facing text, expand CGHSTC as Conformal Gravity Hilbert Space Time Current until the acronym is established.",
  "claim_boundary_internal": "M6 gathers paper artifacts for the CGHSTC BDVR theory paper. It introduces no retuning and no new model.",
  "m5_summary": {
    "metrics": {
      "frac_within_010_dex": 0.9540229885057471,
      "frac_within_015_dex": 0.9885057471264368,
      "frac_within_020_dex": 0.9885057471264368,
      "max_abs_log10_velocity_error": 0.23214012979801618,
      "mean_abs_log10_velocity_error": 0.04572143797277067,
      "median_abs_log10_velocity_error": 0.041613899469354995,
      "median_velocity_ratio_pred_over_obs": 1.0215021046046753,
      "n_above_030_dex": 0,
      "n_within_010_dex": 83,
      "n_within_015_dex": 86,
      "n_within_020_dex": 86
    },
    "n_galaxies": 87,
    "pass_fail": {
      "fail": false,
      "notes": [
        "Strong pass requires median <= 0.08 dex, max <= 0.20 dex, >=65% within 0.10 dex, >=80% within 0.15 dex, and no obvious factor-two failure population.",
        "Soft pass requires median <= 0.12 dex and >=65% within 0.15 dex.",
        "Fail if median > 0.15 dex or many galaxies exceed 0.30 dex."
      ],
      "soft_pass": true,
      "strong_pass": false
    }
  },
  "m5b_best_by_fraction_within_010": {
    "frac_within_010_dex": 0.9540229885057472,
    "frac_within_015_dex": 0.9885057471264368,
    "frac_within_020_dex": 0.9885057471264368,
    "max_abs_log10_velocity_error": 0.2321401297980161,
    "mean_abs_log10_velocity_error": 0.0457214379727706,
    "mean_log10_velocity_error": 0.0064543275186143,
    "median_abs_log10_velocity_error": 0.0416138994693549,
    "median_log10_velocity_error": 0.0092392657479627,
    "median_velocity_ratio_pred_over_obs": 1.0215021046046753,
    "model": "m4c_full_frozen",
    "n": 87,
    "n_above_010_dex": 4,
    "n_above_015_dex": 1,
    "n_above_020_dex": 1,
    "n_above_030_dex": 0,
    "n_within_010_dex": 83,
    "n_within_015_dex": 86,
    "n_within_020_dex": 86
  },
  "m5b_best_by_median_abs_error": {
    "frac_within_010_dex": 0.9310344827586208,
    "frac_within_015_dex": 0.9885057471264368,
    "frac_within_020_dex": 0.9885057471264368,
    "max_abs_log10_velocity_error": 0.2321401297980161,
    "mean_abs_log10_velocity_error": 0.0464391851444796,
    "mean_log10_velocity_error": -0.0068396929370829,
    "median_abs_log10_velocity_error": 0.0404458091376348,
    "median_log10_velocity_error": -0.006183480835373,
    "median_velocity_ratio_pred_over_obs": 0.9858628900488806,
    "model": "m4b_halo_star_gas",
    "n": 87,
    "n_above_010_dex": 6,
    "n_above_015_dex": 1,
    "n_above_020_dex": 1,
    "n_above_030_dex": 0,
    "n_within_010_dex": 81,
    "n_within_015_dex": 86,
    "n_within_020_dex": 86
  },
  "m5c_summary": {
    "hard_analog_m4c_log10_error_stats": {
      "max": 0.2321401297980161,
      "mean": 0.06265138528307826,
      "median": 0.052947626856057695,
      "min": -0.0343972706855351,
      "n": 8,
      "n_abs_gt_010": 1,
      "n_abs_gt_015": 1,
      "n_abs_gt_020": 1,
      "n_overpredicted": 6,
      "n_underpredicted": 2
    },
    "hard_analog_mond_log10_error_stats": {
      "max": 0.2052260404052944,
      "mean": 0.03505835178874623,
      "median": 0.03166241368327505,
      "min": -0.061313869546994,
      "n": 8,
      "n_abs_gt_010": 1,
      "n_abs_gt_015": 1,
      "n_abs_gt_020": 1,
      "n_overpredicted": 5,
      "n_underpredicted": 3
    },
    "hard_analog_names": [
      "UGC07125",
      "F583-1",
      "F563-1",
      "UGC12632",
      "DDO161",
      "UGC00731",
      "DDO064",
      "NGC3741"
    ],
    "hard_analog_newtonian_log10_error_stats": {
      "max": -0.124411165192023,
      "mean": -0.28491508115858993,
      "median": -0.2577322540285273,
      "min": -0.4395794962022725,
      "n": 8,
      "n_abs_gt_010": 8,
      "n_abs_gt_015": 7,
      "n_abs_gt_020": 7,
      "n_overpredicted": 0,
      "n_underpredicted": 8
    },
    "milestone": "CGHSTC-34-M5c",
    "n_hard_analogs": 8,
    "n_top_scored_reported": 15,
    "n_total": 87,
    "prediction_hypothesis": "Late-type, gas-dominated, HI-extended galaxies with low Vflat for baryonic mass should be overpredicted by BTFR-like and frozen BDVR response models unless an additional gas-rich late-type conditioning regime is present.",
    "status": "UGC07125 analog search, no retuning",
    "top_scored_m4c_log10_error_stats": {
      "max": 0.2321401297980161,
      "mean": 0.035518985959528945,
      "median": 0.0248825125352315,
      "min": -0.0383771483298666,
      "n": 15,
      "n_abs_gt_010": 1,
      "n_abs_gt_015": 1,
      "n_abs_gt_020": 1,
      "n_overpredicted": 10,
      "n_underpredicted": 5
    },
    "top_scored_names": [
      "UGC07125",
      "F583-1",
      "F563-1",
      "UGC12632",
      "DDO161",
      "UGC00731",
      "DDO064",
      "NGC3741",
      "UGC06446",
      "UGCA442",
      "NGC3109",
      "D631-7",
      "UGC01230",
      "UGC05005",
      "UGC00128"
    ]
  },
  "m5d_summary": {
    "all_sample_gas_participation_required_stats": {
      "max": 41.32800170543701,
      "mean": 1.8604139537339315,
      "median": 0.8618385900147955,
      "min": -6.804170493336371,
      "n": 87
    },
    "all_sample_participation_fraction_stats": {
      "max": 3.7871458758251606,
      "mean": 1.0743106846585404,
      "median": 0.9184233929478564,
      "min": 0.11787982455675476,
      "n": 87
    },
    "claim_boundary": "M5d is a diagnostic inversion of the frozen BDVR relation. It does not retune M4c and does not introduce a new accepted model.",
    "hard_analog_count": 8,
    "hard_analog_gas_participation_required_stats": {
      "max": 1.4560753337058763,
      "mean": 0.6173768199511891,
      "median": 0.5499182980268662,
      "min": -0.0764093588523579,
      "n": 8
    },
    "hard_analog_names": [
      "UGC07125",
      "DDO161",
      "UGC12632",
      "UGC00731",
      "DDO064",
      "F583-1",
      "NGC3741",
      "F563-1"
    ],
    "hard_analog_participation_fraction_stats": {
      "max": 1.3727425098900066,
      "mean": 0.6813957464712994,
      "median": 0.6144537572714661,
      "min": 0.11787982455675476,
      "n": 8
    },
    "milestone": "CGHSTC-34-M5d",
    "n_more_than_total_gas_required": 41,
    "n_partial_gas_participation_can_match": 28,
    "n_stellar_mass_alone_exceeds_required": 18,
    "n_total": 87,
    "status": "participating_baryonic_mass_diagnostic_no_retuning",
    "target": {
      "M_baryon_Msun": 7512569999.999999,
      "M_gas_Msun": 6156569999.999999,
      "M_part_required_Msun": 885580433.570339,
      "M_star_Msun": 1356000000.0,
      "RHI_over_Rdisk": 6.816568047337278,
      "T": 9.0,
      "galaxy_name": "UGC07125",
      "gas_frac": 0.8195025137868931,
      "gas_participation_required": -0.0764093588523579,
      "gas_participation_required_status": "stellar_mass_alone_exceeds_required_participating_mass",
      "log10_velocity_error": 0.2321401297980161,
      "participation_fraction_required": 0.11787982455675476,
      "stellar_to_gas_ratio": 0.2202525107324371,
      "v_flat_obs_km_s": 65.2,
      "v_m5_bdvr_km_s": 111.27246923349932
    }
  },
  "milestone": "CGHSTC-34-M6",
  "paper_thesis_aps": "Conformal Gravity Hilbert Space Time Current provides a selective bound-domain coupling framework, and BDVR is its galaxy-sector effective response law.",
  "paper_thesis_internal": "CGHSTC provides a selective bound-domain coupling framework, and BDVR is its galaxy-sector effective law.",
  "status": "paper_artifact_gathering_no_new_model_logic"
}
