{
  "UGC07125": {
    "A_HI": 0.6645042427355229,
    "A_class": "low",
    "A_gas": 0.36446882854915436,
    "A_gov_inferred": 0.0,
    "A_inferred": 0.0,
    "A_pred": 0.05697557263957129,
    "A_sigma": 0.7066359021456152,
    "A_star": 0.3329161401879883,
    "RHI_over_Rdisk": 6.816568047337278,
    "alpha_BTFR": 0.3886403773950502,
    "btfr_offset_dex": -0.2052260404052944,
    "f_gas": 0.8195025137868931,
    "f_star": 0.1804974862131068,
    "maturity_class": "juvenile"
  },
  "activation_by_maturity_class": [
    {
      "count": 12,
      "maturity_class": "juvenile",
      "mean": 0.4155955826209798,
      "median": 0.3571359262617067
    },
    {
      "count": 36,
      "maturity_class": "mature",
      "mean": 0.3155553818205291,
      "median": 0.2306487007703798
    },
    {
      "count": 39,
      "maturity_class": "transition",
      "mean": 0.503180845072516,
      "median": 0.44341677767658066
    }
  ],
  "activation_naming": {
    "A_class": "binned descriptive label derived from A_pred",
    "A_inferred": "computed from observed velocity endpoint relation using v_full^2 = v_N^2 + sqrt(G M_bar a0), then clipped to [0,1]",
    "A_pred": "predicted from maturity variables with product gates"
  },
  "best_fit": {
    "RHI_Rd_c": 7.5,
    "UGC07125_A_pred": 0.05697557263957129,
    "diagnostic_penalty": 0.0,
    "f_gas_c": 0.75,
    "f_star_c": 0.25,
    "juvenile_fraction_A_pred_lt_0p5": 1.0,
    "juvenile_median_A_pred": 0.042092705216428716,
    "k_HI": 1.0,
    "k_gas": 8.0,
    "k_sigma": 4.0,
    "k_star": 10.0,
    "log10_sigma_c": 7.8,
    "low_bin_accuracy": 0.5632183908045977,
    "mature_fraction_A_pred_gt_0p5": 0.5277777777777778,
    "mature_median_A_pred": 0.5548009487990168,
    "model_variant": "product_star_sigma_gas_hi",
    "mse": 0.1833278637505982,
    "n_parameters": 8,
    "rank_score": 0.17895142454263901,
    "spearman_A_pred_A_inferred": 0.14588130693197304,
    "three_bin_accuracy": 0.4367816091954023,
    "transition_median_A_pred": 0.3489486230735011
  },
  "best_model_variant": "product_star_sigma_gas_hi",
  "claim_boundary": "M9 is an ApJ evolutionary-governor diagnostic branch; it separates observed endpoint activation from maturity-predicted activation and does not establish the governor model without follow-up kinematic evidence.",
  "falsification_rules": [
    "Mature systems above the fitted f_star, Sigma_b, gas-fraction, and H I compactness thresholds should not routinely have A_inferred < 0.5.",
    "Gas-rich diffuse systems with f_star < 0.2 and large R_HI/R_d should not routinely show high A_pred if the maturation interpretation is correct.",
    "Low-A_pred candidates should show stronger H I asymmetry, warps, or side-to-side rotation-curve mismatch than matched high-A_pred systems in resolved follow-up.",
    "Gas-rich high-redshift disks should lie below the local mature BTFR unless they are already dynamically settled."
  ],
  "gate_diagnostics": [
    {
      "gate": "A_star",
      "max": 0.9993546020088923,
      "median": 0.970221361510301,
      "min": 0.12419906901124167,
      "p10": 0.3974280145338577,
      "p90": 0.9987189619213019
    },
    {
      "gate": "A_sigma",
      "max": 0.9976142870885315,
      "median": 0.9378424457127348,
      "min": 0.043484074940466244,
      "p10": 0.5734395516005717,
      "p90": 0.9934390565393377
    },
    {
      "gate": "A_gas",
      "max": 0.9972018597811483,
      "median": 0.9419685267194015,
      "min": 0.17327352017835443,
      "p10": 0.41750598570194114,
      "p90": 0.9951654336388169
    },
    {
      "gate": "A_HI",
      "max": 0.9983385681894884,
      "median": 0.8088254600269593,
      "min": 1.3709572068578448e-06,
      "p10": 0.0321712825707571,
      "p90": 0.9786544024026607
    },
    {
      "gate": "A_pred_final",
      "max": 0.9703089969176988,
      "median": 0.33569227934576473,
      "min": 2.927035484870912e-08,
      "p10": 0.016100873510122286,
      "p90": 0.8546612256370337
    }
  ],
  "inferred_activation_by_maturity_class": [
    {
      "count": 12,
      "maturity_class": "juvenile",
      "mean": 0.4155955826209798,
      "median": 0.3571359262617067
    },
    {
      "count": 36,
      "maturity_class": "mature",
      "mean": 0.3155553818205291,
      "median": 0.2306487007703798
    },
    {
      "count": 39,
      "maturity_class": "transition",
      "mean": 0.503180845072516,
      "median": 0.44341677767658066
    }
  ],
  "predicted_activation_by_maturity_class": [
    {
      "count": 12,
      "maturity_class": "juvenile",
      "mean": 0.05484503867981388,
      "median": 0.042092705216428716
    },
    {
      "count": 36,
      "maturity_class": "mature",
      "mean": 0.4971919461861433,
      "median": 0.5548009487990168
    },
    {
      "count": 39,
      "maturity_class": "transition",
      "mean": 0.4114935221372878,
      "median": 0.3489486230735011
    }
  ],
  "sample_size": 87,
  "spearman_A_pred_A_inferred": 0.14588130693197304,
  "spearman_correlations_with_A_gov_inferred": {
    "RHI_over_Rdisk": -0.5002477312789646,
    "T": 0.08182670686261977,
    "f_gas": 0.014191143714683644,
    "f_star": -0.014191143714683644,
    "log10_Sigma_b": -0.36363094618107383
  },
  "spearman_correlations_with_A_inferred": {
    "RHI_over_Rdisk": -0.5002477312789646,
    "T": 0.08182670686261977,
    "f_gas": 0.014191143714683644,
    "f_star": -0.014191143714683644,
    "log10_Sigma_b": -0.36363094618107383
  },
  "status": "apj_evolutionary_governor_diagnostic"
}