taxonomy_stage,n,median_A_inferred,median_A_pred_m38_feedback,rmse_full,spearman_full,rmse_cv_primary_only,median_m37_static_A_pred
disturbed_or_measurement_contaminated,3,0.6433123110527825,0.9386387062464125,0.3163171995899531,1.0,0.32139202117283916,0.7488772601347756
failed_stalled,5,0.5876019195241267,0.8427145490592466,0.42067730862387476,0.3,0.44121951756777267,0.2549507836184513
juvenile_forming,24,1.0,0.8851573187857815,0.2721581446202549,-0.06634549538179652,0.3284584819853059,0.3785074292317147
mature_or_control,46,1.0,0.9971340129808922,0.16469689093852574,-0.0783586650541605,,0.9245403170876312
true_falsifier_candidate,9,0.6044754277243196,0.9981267547347478,0.48423465683506545,-0.5,0.47432795063032906,0.8396457371851015
