{
  "milestone": "CGHSTC-34-M73",
  "status": "curve_shape_clustering",
  "n_radial_clustered": 25,
  "n_scalar_provisional": 87,
  "n_clusters": 4,
  "cluster_info": {
    "0": {
      "name": "slowly_rising",
      "n_members": 9,
      "centroid": [
        0.8480663064978579,
        0.2106020692525547,
        4.748194174246402,
        0.3211254371154396,
        1.0277081555392402
      ]
    },
    "1": {
      "name": "slowly_rising",
      "n_members": 2,
      "centroid": [
        0.5047069344424961,
        0.3293630372944558,
        26.891304347826082,
        0.9028310318831232,
        1.0386494770022796
      ]
    },
    "2": {
      "name": "irregular_or_unconverged",
      "n_members": 4,
      "centroid": [
        0.79169244120818,
        -0.4178319796406038,
        6.173124124128133,
        0.26215788849176014,
        0.9748551116420358
      ]
    },
    "3": {
      "name": "mature_flat",
      "n_members": 9,
      "centroid": [
        0.5426653048646659,
        -0.026242006838171003,
        8.299779288690567,
        0.46902658313552015,
        1.0000796795250682
      ]
    }
  },
  "high_gas_frac_gt07_provisional_classes": {
    "mature_flat": 6,
    "compact_steep_rise": 4,
    "irregular_or_unconverged": 2,
    "slowly_rising": 2
  },
  "manuscript_rewritten": false,
  "mature_velocity_law_changed": false,
  "governor_promoted": false,
  "ugc07125_quarantined": true
}
