{
  "milestone": "CGHSTC-34-M74",
  "status": "btfr_scatter_coherence_audit",
  "n_galaxies": 87,
  "n_with_rotmod": 25,
  "spearman_coherence_vs_abs_btfr_residual": 0.2508201501786104,
  "spearman_pvalue": 0.019116714868995927,
  "spearman_coherence_vs_btfr_residual_raw": 0.4406575781876503,
  "spearman_pvalue_raw": 1.9420619320404683e-05,
  "quartile_scatter": {
    "Q1_low": {
      "n": 22,
      "scatter_std": 0.0752713364616819,
      "abs_mean": 0.011558267558584051
    },
    "Q2": {
      "n": 22,
      "scatter_std": 0.042399483746051105,
      "abs_mean": 0.018567872480805683
    },
    "Q3": {
      "n": 21,
      "scatter_std": 0.048010735559230626,
      "abs_mean": 0.030598443619440824
    },
    "Q4_high": {
      "n": 22,
      "scatter_std": 0.04897434243765741,
      "abs_mean": 0.08678396024692009
    }
  },
  "scatter_ratio_Q4_over_Q1": 0.6506373440385053,
  "prediction": "scatter decreases with coherence (Q4 scatter < Q1 scatter)",
  "prediction_holds": true,
  "manuscript_rewritten": false,
  "mature_velocity_law_changed": false,
  "governor_promoted": false,
  "ugc07125_quarantined": true
}
