proxy,formula,available_now,direct_observed_j,spearman_with_A_inferred,pearson_with_A_inferred,min,median,max
j_newton_2RdVn,2 * Rdisk_kpc * v_newton_km_s,True,False,-0.1875695027446257,-0.13723373013246942,17.975125441426034,586.8425880108152,5975.720967542267
j_obs_2RdVflat,2 * Rdisk_kpc * Vflat,True,False,-0.039716950126240005,0.001825800206462331,20.040000000000003,773.696,7017.396
j_hi_RHIVflat,RHI_over_Rdisk * Rdisk_kpc * Vflat,True,False,-0.22798916545352207,-0.11798508383073325,160.88899999999998,2540.096,21492.48
j_hi_RHIVnewton,RHI_over_Rdisk * Rdisk_kpc * v_newton_km_s,True,False,-0.34920252289302567,-0.24400014952493226,134.824309778356,1730.39739501596,18742.43498636812
J_lambda,log10[(2 * Rdisk_kpc * Vflat) / sqrt(M_baryon_Msun * Rdisk_kpc)],True,False,0.7414530360768313,0.7384715110941616,-2.6755568529535174,-2.435617054997889,-2.044356701867586
j_baryon_mixed_proxy,f_star * 2RdVflat + f_gas * RHIVflat,True,False,-0.16773840609381696,-0.10054869022047287,139.62713521566005,1291.2637823571854,9712.5206430195
