model,n,log_likelihood,k_params,aic,bic,median_abs_log10_velocity_error,mean_abs_log10_velocity_error,rmse_log10_velocity_error,frac_within_010_dex,delta_aic,delta_bic
m4c_full_frozen,87,89.65032017871137,5,-169.30064035742274,-156.9710997641498,0.0416138994693549,0.04572143797277063,0.057579799375770326,0.9540229885057471,0.0,0.0
m4b_halo_star_gas,87,81.05008832095832,4,-154.10017664191665,-144.23654416729832,0.0404458091376348,0.04643918514447958,0.05930361875682747,0.9310344827586207,15.200463715506089,12.734555596851493
m4a_halo_only,87,60.4977900944692,3,-114.9955801889384,-107.59785583297466,0.0416138994693549,0.05037100923266274,0.06408227464562745,0.896551724137931,54.30506016848433,49.37324393117515
mond_simple_btfr,87,23.454729833741723,1,-44.909459667483446,-42.443551548828864,0.0472257873570313,0.056113398576376386,0.07184590916906665,0.8390804597701149,124.39118068993929,114.52754821532095
m3_scalar_q_only,87,-54.51689544449524,1,111.03379088899048,113.49969900764506,0.0641311041319905,0.069254645624326,0.08584160041933872,0.7586206896551724,280.3344312464132,270.4707987717949
newtonian_outer,87,-2120.98399516611,0,4241.96799033222,4241.96799033222,0.249744254895621,0.24485593756925403,0.263506848976931,0.06896551724137931,4411.268630689643,4398.93909009637
