{
  "milestone": "CGHSTC-34-M5c",
  "status": "UGC07125 analog search, no retuning",
  "n_total": 87,
  "n_hard_analogs": 8,
  "n_top_scored_reported": 15,
  "hard_analog_names": [
    "UGC07125",
    "F583-1",
    "F563-1",
    "UGC12632",
    "DDO161",
    "UGC00731",
    "DDO064",
    "NGC3741"
  ],
  "top_scored_names": [
    "UGC07125",
    "F583-1",
    "F563-1",
    "UGC12632",
    "DDO161",
    "UGC00731",
    "DDO064",
    "NGC3741",
    "UGC06446",
    "UGCA442",
    "NGC3109",
    "D631-7",
    "UGC01230",
    "UGC05005",
    "UGC00128"
  ],
  "hard_analog_m4c_log10_error_stats": {
    "n": 8,
    "median": 0.052947626856057695,
    "mean": 0.06265138528307826,
    "min": -0.0343972706855351,
    "max": 0.2321401297980161,
    "n_overpredicted": 6,
    "n_underpredicted": 2,
    "n_abs_gt_010": 1,
    "n_abs_gt_015": 1,
    "n_abs_gt_020": 1
  },
  "hard_analog_mond_log10_error_stats": {
    "n": 8,
    "median": 0.03166241368327505,
    "mean": 0.03505835178874623,
    "min": -0.061313869546994,
    "max": 0.2052260404052944,
    "n_overpredicted": 5,
    "n_underpredicted": 3,
    "n_abs_gt_010": 1,
    "n_abs_gt_015": 1,
    "n_abs_gt_020": 1
  },
  "hard_analog_newtonian_log10_error_stats": {
    "n": 8,
    "median": -0.2577322540285273,
    "mean": -0.28491508115858993,
    "min": -0.4395794962022725,
    "max": -0.124411165192023,
    "n_overpredicted": 0,
    "n_underpredicted": 8,
    "n_abs_gt_010": 8,
    "n_abs_gt_015": 7,
    "n_abs_gt_020": 7
  },
  "top_scored_m4c_log10_error_stats": {
    "n": 15,
    "median": 0.0248825125352315,
    "mean": 0.035518985959528945,
    "min": -0.0383771483298666,
    "max": 0.2321401297980161,
    "n_overpredicted": 10,
    "n_underpredicted": 5,
    "n_abs_gt_010": 1,
    "n_abs_gt_015": 1,
    "n_abs_gt_020": 1
  },
  "prediction_hypothesis": "Late-type, gas-dominated, HI-extended galaxies with low Vflat for baryonic mass should be overpredicted by BTFR-like and frozen BDVR response models unless an additional gas-rich late-type conditioning regime is present."
}