model_id,organization_auc_like,spearman_vs_organization_score,organization_score_rmse,cv_organization_score_rmse,mature_median_score,juvenile_failed_median_score,quality_quarantined_median_score,trained_on_endpoint_residuals,trained_on_A_inferred,uses_quality_as_physical_feature
m1_fstar_fgas_only,0.814625850340136,0.6807113543091654,0.1047563662302419,0.1071110225142113,0.6879692638025364,0.5103364738601772,0.4667001478441622,False,False,False
m2_rhi_over_rd_only,0.800453514739229,0.6370725034199727,0.11053329523689744,0.1132115444227605,0.6383755670351401,0.6511638713411341,0.6115839414205446,False,False,False
m3_fstar_plus_rhi_over_rd,0.9410430839002267,0.9072698846980654,0.0738273914113611,0.07972427692946282,0.6651600485626208,0.5340442664940749,0.4861706907105953,False,False,False
m4_fstar_rhi_interaction,0.949546485260771,0.919562243502052,0.06393266081353502,0.06887006382528608,0.6673894429285189,0.5184745691230918,0.4829374404399458,False,False,False
m5_fstar_rhi_plus_best_m58_footprint,0.9421768707482994,0.9100058628102404,0.07377932306353867,0.0807092922025071,0.6664452254355847,0.5327286271044087,0.48482886009636295,False,False,False
m6_fstar_rhi_quality_audit_separate,0.9410430839002267,0.9072698846980654,0.0738273914113611,0.07972427692946282,0.6651600485626208,0.5340442664940749,0.4861706907105953,False,False,False
